geo,1960,1961,1962,1963,1964,1965,1966,1967,1968,1969,1970,1971,1972,1973,1974,1975,1976,1977,1978,1979,1980,1981,1982,1983,1984,1985,1986,1987,1988,1989,1990,1991,1992,1993,1994,1995,1996,1997,1998,1999,2000,2001,2002,2003,2004,2005,2006,2007,2008,2009,2010,2011,2012,2013,2014,2015,2016,2017
Afghanistan,,,,,,,,,,,,,,,,,,,,,,,,,,,,,,,,,,,,,,,,,,,23.4,22.4,25.9,26.5,27.9,26.6,26.7,21.8,21,22.6,21,20.4,21.1,22,21.7,
Albania,,,,,,,,,,,,,,,,,,,,,45,43,43.8,43.3,44,43.3,44.2,45.8,46.3,44.8,48.2,42.7,23.3,22.9,21.7,22.5,14.4,14.2,11.6,12.6,14.8,16.4,17.5,20.5,21.6,22.1,22.9,21.8,25.2,24.4,24.9,24.5,22.9,23.1,21.5,21.8,21.1,21.1
Algeria,29.4,29.5,31.7,40.8,42.7,42.2,46.5,47.8,47.7,47.8,47.9,43.7,51.2,57.1,55,46.4,50.1,50.9,49.2,50.8,53.8,52.6,51.9,51.2,50.7,49.3,43.9,42.1,41.4,41.9,44,48.2,45.9,45,44.9,45.8,47.1,48.2,42.3,45.4,54.4,50.1,49.2,50.8,52.3,57.3,58.9,57.7,58.6,47.9,50.5,49.6,47.8,44.3,42.3,35.7,34.9,36.3
Andorra,,,,,,,,,,,,,,,,,,,,,,,,,,,,,,,,,,,,,,,,,14.1,14.5,14.9,15.4,15.7,15.8,16.1,15.5,15.5,14.4,13.5,12.4,11,10.3,9.91,9.78,9.84,
Angola,,,,,,,,,,,,,,,,,,,,,,,,,,44.2,47.3,41.3,38.1,32.8,29.8,42.9,36.8,46.9,61.3,60.3,67.8,60.8,55.2,72.7,72.1,64.9,,,,,,,,,,,,,,,,
Antigua and Barbuda,,,,,,,,,,,,,,,,,,11.5,10.4,11.6,13.1,13.3,10.4,10.2,10.9,11.7,13,13.8,14.2,15.3,13.9,14.6,13.5,12.7,12.5,12.7,12.2,12.5,12.7,13.5,13.8,12.9,13,13.2,13.1,14.5,18.5,17.8,19.2,19.5,16.1,14.5,14.1,15.5,15.8,16.1,17.5,18.2
Argentina,,,,,,48.4,49.6,47.4,47,47.4,42.3,46,45.6,43.4,43.6,50.1,50.9,47.8,46.1,44,41.2,40.3,41.1,41.6,39.7,39.3,37.4,37.8,38.5,42.3,36,32.7,30.7,27.3,26.8,26.3,26.6,27.2,26.7,26.2,26,25.2,30.6,32.6,28.8,28.6,29.2,27.4,26.3,25.3,25.3,25.2,24.4,24,24.3,23.2,22.2,21.7
Armenia,,,,,,,,,,,,,,,,,,,,,,,,,,,,,,,47.8,46.6,36.2,25.8,35.8,30.8,30.8,30.5,27.9,29.5,35.4,32.9,35.2,38.2,37.7,41.4,40.9,39.5,38.6,32,32.9,30.1,27.8,26.7,25.3,25.7,25.6,25.3
Australia,,,,,,,,,,,,,,,,,,,,,,,,,,,,,,,28.9,27.7,26.9,26.9,26.9,26.5,26.1,25.3,25.4,24.7,24.6,23.7,23.6,24.1,23.9,24.6,25.6,25.6,25.5,26.9,25.1,26.3,26.2,25,25.4,23.5,22.3,23
Austria,,,,,,,,,,,,,,,,,34,33.6,33.8,32.9,32.9,32.5,31.8,31.3,30.1,30.4,30.3,29.8,29.5,29.3,29.6,29.5,29,28.3,28.4,28.9,28.8,28.7,28.5,28.4,28.3,28.2,27.4,27.5,27.4,27.1,27.3,27.6,27,25.8,25.5,25.4,25.6,25.5,25.4,25,24.7,25.3
Azerbaijan,,,,,,,,,,,,,,,,,,,,,,,,,,,,,,,30,29.6,36.5,32.1,27.7,31,35.1,37,35,39.1,42.5,43.5,46.2,48.5,50.8,58.5,65.2,66.1,65.7,56.4,59.8,61.8,59.5,57.1,53.6,45,47.5,49.6
Bahamas,,,,,,,,,,,,,,,,,,,,,,,,,,,,,,15.4,14.2,15.7,15.4,13.1,14.6,13.8,14,12.7,12.7,11.6,12.1,9.54,10.6,10.9,10.3,10.8,11.7,9.26,10.4,10,11.5,12,13,13,13.9,11.1,12.3,13.3
Bahrain,,,,,,,,,,,,,,,,,,,,,59.1,57.8,52.9,48.2,49,48.5,43.5,44,42,42.5,45.7,39.9,37.2,37.9,37.4,39.9,,,,,,,,,,,,45.9,50.4,43.1,45,49.5,47.5,47.9,46.5,40.3,39.4,41.5
Bangladesh,6.97,6.79,7.96,7.8,10.4,10.7,10.3,8.1,9.26,9.19,8.73,7.68,6.06,12.1,13.4,11.6,14.4,16.7,14.3,15.7,20.1,19.8,20,20.9,21.4,20.3,20.4,19.6,19.9,19.8,20.1,21.1,21.7,22.9,23.5,23.6,21.7,21.9,22.7,22.4,22.3,22.6,22.8,22.5,22.8,23.3,24.1,24.5,24.7,25.3,25,25,25.3,26.3,26.3,26.8,27.3,27.8
Barbados,,,,,,,,,,,,,,,,,,,,,,,,,,,,,,,18.6,17.5,15.3,14.7,14.4,14.6,14.6,15.7,15.3,15,15,14.4,14.1,15.4,14.8,14.6,16.1,15.2,15.8,15.6,14.2,14.5,14,14.2,13.9,13.9,12.7,
Belarus,,,,,,,,,,,,,,,,,,,,,,,,,,,,,,,45.9,44.4,45.7,36,32.6,33.4,34.2,35.9,35.3,34,33.5,32.5,31.8,32.7,35,37.8,37.2,37,38.8,37.1,35.4,36.1,36.3,35.9,35.4,32.7,31,32.1
Belgium,,,,,,,,,,,,,,,,,,,,,,,,,,,,,,,,,,,,26.1,25.9,26.1,25.6,24.8,24.8,24.3,23.7,23.1,22.8,22.4,22.3,22.3,21.8,20.5,20.7,20.6,20.1,19.9,19.7,19.9,19.8,19.8
Belize,,,,,,,,,,,,,,,,,,,22.8,20,27,24.2,21.3,21.4,23.8,21.9,21.2,23.9,24,23.5,19.3,18.9,18.4,18.5,17.3,17.4,17.7,17,16.8,16.3,18.5,17.8,17,15.1,15.2,15,17.6,18.1,19.3,18.8,18.8,19.7,17.6,16.6,16.2,14.2,14.1,14.3
Benin,10.2,9.81,9.79,11.5,10.8,7.98,11.3,11.4,10.9,11.1,11.7,13.5,13.9,14.3,17.1,16.2,12.9,12.6,14,13.3,12.3,12.9,15.1,15.4,17.1,16.7,12.1,12.4,13.4,12.8,12.5,12,12.7,12.2,13.3,13.4,13.3,13.5,12.6,28.2,28.2,29.7,29,29,27.2,27.6,26.4,24.2,22,22.1,22.1,21.6,20.2,20.8,20.8,20.6,20.1,21.4
Bhutan,,,,,,,,,,,,,,,,,,,,,11.5,17.1,19,21,21.3,19.4,19.8,25.6,22.6,23.4,24.2,25.1,26.9,28.8,28.7,32.6,32.7,32.5,31.7,34.4,35.2,37.1,37.4,38.1,36.3,35.9,37.7,44.1,43.2,42,42.8,41,41.6,42.4,40.6,41.3,41.5,39
Bolivia,,,,,,,,,,,31,29.7,33.3,35.1,36.4,31.3,31.9,32.9,33.1,32.6,28.9,29.3,31.7,33.6,31.6,32.2,32.5,30.4,31.2,31.5,31.9,30.6,30.2,28.6,28.1,29.1,28,26.4,26.1,25.1,25.7,25.4,25.5,25.6,26.8,26.3,27.7,28.3,29.7,29.2,30.1,30.4,29.3,28.5,27.6,25.2,25.3,26.4
Bosnia and Herzegovina,,,,,,,,,,,,,,,,,,,,,,,,,,,,,,,,,,,25.9,25.7,25.7,25.2,27.4,24.4,19.4,19.1,17.8,19.2,20.5,21.3,20.9,21.7,23.2,22.8,22.4,22.1,21.5,22.2,22.1,22.5,23.2,23.4
Botswana,13.3,12.3,11.4,10.6,13.5,19.2,14.4,15,12.4,19.5,27.6,27.6,27.6,26.9,27.9,31,31.8,32.5,37.4,42.7,43.9,41,43.3,47.7,51.6,56.8,57.9,58,61.9,61.4,56.9,53.5,49.7,47.9,43.3,43.9,45.4,45.7,43.5,44.8,46.3,44.8,44,39.6,38.8,42.9,43.6,41.8,36.5,28.2,31.9,34.3,29.2,31.5,33.1,30,32.1,30.3
Brazil,31.8,36.6,29.8,34.8,32,29.9,29.8,29.2,30.7,31.3,32.2,32.7,32.7,33.4,34.8,35.5,35,34.1,35.5,36.5,39.6,39.2,41,39.5,41.7,41.2,40.2,41.3,39.4,42.3,32.8,31.5,34,36.1,34.7,23.4,22.3,22.6,22.1,21.7,23,22.6,22.5,23.1,24.3,24.2,23.5,23.1,23.1,21.9,23.3,23.1,22.1,21.2,20.5,19.4,18.3,18.5
Brunei,,,,,,,,,,,,,,,90.5,89.5,90.5,84.8,80.6,84.2,84.8,81.8,79.7,77.3,73.5,71.8,58.8,59.5,52.3,59.8,61.6,59.6,60.4,57.2,53.8,54.3,56.3,56,51.5,55.2,63.7,60,60.7,64.1,67.9,71.6,73.2,71.3,74.1,65.4,68.7,73.7,72.7,70,67.8,61.4,57.3,59.7
Bulgaria,,,,,,,,,,,,,,,,,,,,,53.8,51.9,57.9,60.3,60,62.5,64,61.5,61,59.4,51.3,39.8,39.1,32.7,29.9,25.2,19.2,21.6,22,22.3,22.7,23.8,23.9,24.1,22.9,24.2,25.2,26.2,24.9,26.4,23.8,25.6,25,23.8,23.6,24.1,24.4,24.5
Burkina Faso,19.9,19.9,19.4,20.6,20.1,18.7,19,22.1,22.7,22.4,22.3,24.2,23.3,26.2,23,25.9,26.5,21.3,21.5,20.7,19.8,18.8,18.8,20.4,20,19.2,20.7,22.5,21.5,22.1,20.4,19.3,20.3,19.9,20.4,19.9,18.5,19.7,17.9,23.4,20.2,17.3,16.3,19.6,19.4,16.3,16.4,17.4,14.9,17.6,21,24.7,22.4,18.8,19.8,19,20.8,21.4
Burundi,,,,,,,,,,,9.4,9.76,10.8,11.6,12.1,12.6,11.7,12.2,14.3,14.7,11.7,12.7,14.3,14.5,12.6,11.8,12.1,15.7,14.8,17.3,17.3,17.5,19,20.1,19.6,16.8,11.8,13.9,14.7,16.1,15.5,15.6,15.8,15.7,16.3,16.9,15.3,16.6,14.7,15.2,15.3,15.5,15.4,16.2,16.6,15.1,15.1,
Cambodia,,,,,,,,,,,,,,,,,,,,,,,,,,,,,,,,,,12.6,13.7,14.3,15,16.4,16.7,18,21.7,22.3,24.3,25,25.6,25,26.2,24.9,22.4,21.7,21.9,22.1,23,24.1,25.6,27.7,29.5,30.9
Cameroon,,,,,,20.3,20.7,20.1,19.5,19.4,18.6,19.2,18.9,18.6,17.9,18.2,19,18.4,16,20.6,23.5,27.6,30.2,33.1,34.6,34.3,32.5,29.1,28.3,29,28.8,28.9,25.1,28.5,29,25.8,26.5,26.4,26.6,27.5,29.9,26.1,26.9,26.9,26.7,28.1,29.7,28.6,29.7,27,27.2,27.2,28.1,27.6,27.1,25.2,24.5,24
Canada,,,,,,,,,,,,,,,,,,,,,,,,,,,,,,,,,,,,,,,,,,,,,,,,29.1,29.7,25.4,26.7,27.5,27,27,27.5,,,
Cape Verde,,,,,,,,,,,,,,,,,,,,,17,17.4,15.8,17.3,17.6,18,17.8,18.7,19.3,20.8,30.1,30.3,32.4,22.5,30.6,28.3,28.9,26.2,26.4,23.4,21.7,19.2,19.1,18.5,18.2,19.2,19.1,16.9,18.8,19.3,18.1,17.8,17,17.5,18.7,18.1,17.4,18.5
Central African Republic,,,,,,14.6,20.4,22.6,23.8,24.8,23.3,24,24.3,23.3,22.3,21.3,19,18.4,20.9,21.6,18.9,17.8,12.3,13.9,14,14.6,12.6,14.5,15.9,18,18.7,19.9,19.7,20.7,21,20.1,16.2,13.7,13.4,13.5,13.9,13.7,13.3,13.1,13.3,13.6,13.6,13.6,12.6,12.8,12.8,13.1,13,15.9,16,15.5,15.1,15.4
Chad,9.19,9.78,8.87,9.38,9.87,11.2,12.4,12.8,13.9,12.8,12.6,12.6,12.9,14.8,15,15,14.9,13.7,13.2,10.5,9.04,11.9,12.5,13.2,15.5,12.7,14.6,14,12.9,15.9,16.9,12.9,13,13.6,11.7,13.3,12.4,13.7,12.9,12.2,10.9,13.1,14.3,23.4,46,9.24,10,9.71,10.5,13.2,12,12.6,12.9,13.3,14.5,13.6,14.6,14.6
Chile,33.8,33.8,35.8,37.7,38.4,38,37.4,37.9,39.4,40.7,39.5,36.9,35.9,39,46.7,36.1,38.1,34.6,34.7,35.5,35.4,34.7,33.5,36.9,37.8,33.9,33.2,33.7,38.2,36.8,35.9,34.2,32.1,31.6,32.7,33.8,34.3,33.8,30.9,30.6,31.4,31.8,32,33.4,36,36.9,41.1,39.9,34.2,34.4,35.7,34.7,32.5,31.2,30.8,29.7,28.9,30
China,44.4,31.9,31.3,33.1,35.3,35.1,37.9,33.9,31.1,35.4,40.3,41.9,42.8,42.8,42.4,45.4,45,46.7,47.7,47,48.1,46,44.6,44.2,42.9,42.7,43.5,43.3,43.5,42.5,41,41.5,43.1,46.2,46.2,46.8,47.1,47.1,45.8,45.4,45.5,44.8,44.5,45.6,45.9,47,47.6,46.9,46.9,45.9,46.4,46.4,45.3,44,43.1,40.9,39.9,40.5
Colombia,,,,,,26.9,26.4,26.8,26.6,26.9,27.6,27.7,28.8,30.5,30,29.2,30.8,30.3,30,29.5,31.6,30.6,30.9,31.5,33.3,34.6,36.2,34.7,36.2,36.9,36.7,36.3,34.2,35.2,29,29.1,28.4,27,26.3,26.6,27.3,27.2,27.5,28.9,29.7,30,30.8,30.6,32.4,31.7,32,34.3,34.6,34.2,32.7,30.5,29.7,29.2
Comoros,,,,,,,,,,,,,,,,,,,,,13.2,12.6,14.1,14.2,15.3,14.1,12.9,10.6,9.38,8.31,8.26,9.37,11.4,12,13.6,11.9,11.9,11.9,11.9,11.9,11.2,11.9,11.8,11.8,11.8,11.8,11.7,10.9,12.5,11.8,11.8,11.4,11.3,11.1,10.9,10.8,,
"Congo, Dem. Rep.",,,,,,32.3,30.4,30.4,34,38.7,41.4,38,34.6,39.3,40,34.7,29.3,25,24.3,26.1,33.1,32.1,26.7,25.8,27.9,29.2,24.8,27.6,29.3,30.7,28.2,20,16.4,16.4,15.9,16.9,32.4,21.3,20.4,18.7,22.4,30,32.6,28.9,31.8,31.8,29.7,30.2,33.2,33,38.7,40.9,40.3,41.3,43,41.7,41.2,41.6
"Congo, Rep.",17,18,17.9,17.8,17.8,18.9,19.7,19.9,19.3,19.4,23.9,21.9,21.3,22.1,25.4,32.4,37.6,31.6,29.5,36.4,46.6,50.9,52.6,54.3,56.6,53.9,32.6,35.8,29.9,38,40.6,36,35.5,35.3,45.5,44.9,51.8,56.9,46.1,61.3,72.2,65.5,63.3,61.2,65.9,71.9,75.5,73.2,77.4,71.1,75.4,76.6,74.8,72,69.4,54.7,50.2,54.3
Costa Rica,19.7,20.2,20.4,21.4,21.7,23,22.9,23.1,24,23.9,24.2,25.5,26.1,26.7,27.6,27.4,27.4,26.2,26.1,26.5,27,26.6,25.7,28.7,30,29.5,28.4,28,28.4,28.6,27,27.5,28,27.5,26.7,26.7,26.1,26.2,26.1,25.8,25.6,25.3,24.7,24.3,24.8,24.4,23.8,24,23.7,23.6,23.2,22.3,21.9,20.8,20.2,19.4,18.9,18.6
Cote d'Ivoire,13.1,13.9,14,14.7,16.1,15.9,17.9,18.9,16.3,15.4,18.5,19.7,19.7,17.7,16.1,17,16.4,15.2,16.5,17.1,19.7,18.6,21.3,21.5,19.5,19.7,21.3,22.4,22.7,21.8,26.3,24.6,24.4,22.8,21,20.8,20.4,23.7,22.8,21.9,21.5,21.3,21.1,21.1,22,22.8,23.5,23.3,24.4,25,22.4,24.2,23.8,26,27.4,25.8,27.5,27.4
Croatia,,,,,,,,,,,,,,,,,,,,,,,,,,,,,,,,,,,,26.9,26.1,26.9,25.3,24.4,24.4,24,23.6,24.2,25.2,24.6,24.3,23.9,23.8,23.9,23.1,23.3,23,22.5,22.5,22.3,22.1,21.8
Cuba,,,,,,,,,,,16.9,16.9,16.9,16.9,16.9,16.9,16.9,16.9,16.9,16.9,17,17,16.9,16.8,16.9,17.2,17.3,16.2,16.6,17.1,17.4,17,16.8,16.3,16.9,18,26.7,27.6,25.9,25.4,25.5,24.9,23.7,22.5,22,21.5,22.2,22.5,22.4,22.6,22.9,22.3,23.4,23.2,22.2,22.4,,
Cyprus,,,,,,,,,,,,,,,,25.2,28.8,31,33.1,33.2,33.6,32.4,30.9,30.1,29,28.5,27.6,27.5,27.5,26.6,25.9,26.7,25.6,24.7,23.2,20.1,20.1,19.7,19.2,18.5,17.7,17.4,17.9,18,18.1,17.9,17.8,18.2,17.9,16,14.7,12.7,11.4,10,9.38,9.75,9.92,
Czech Republic,,,,,,,,,,,,,,,,,,,,,,,,,,,,,,,,,,34.8,34.8,35.3,36.7,36.2,35.2,34.1,33.9,34.3,33.3,32.6,34.1,34.1,34.7,34.6,34.2,33.2,33.3,33.4,33.2,32.9,34.2,34,33.8,33.5
Denmark,,,,,,,,,,,26.4,26.2,25.9,25.3,25.1,24.9,23.8,23.5,22.8,22,23.3,22.2,22.2,22.3,22.6,22.8,22.7,22.8,22.6,22.7,22.6,22.4,22.5,21.6,21.6,22.1,22.3,22.5,22.3,22.6,23.7,22.9,22.7,22.2,22.1,22.2,22.8,22.2,22.6,20,19.7,20.3,20.4,20.1,19.8,19.7,20.3,19.9
Djibouti,,,,,,,,,,,,,,,,,,,,,,,,,,,,,,,,,,,,,,,,,,,,,,,,,,,,,,17.4,17.5,16.8,15.7,15.5
Dominica,,,,,,,,,,,,,,,,,,13,12.8,12.6,16.9,16.6,16.9,15.3,14.6,13.7,12.3,12.4,13.7,15,15.1,15.4,17,17.3,16.8,17.7,17.8,18,18.6,18.7,15.7,15.3,15.3,13.3,13,12.8,13.2,13.4,12.7,11.4,11.7,12.8,12.8,12.2,12.4,11.3,11.5,11.5
Dominican Republic,,,,,,21.9,25.1,27.3,25.8,26.6,26.1,27,27.6,28.1,28.5,31.6,31.3,29.5,29,30,28.3,27.6,28.6,29,28.3,18.1,23.7,20.7,25.4,31.9,31.4,32.4,30.7,30.5,31,30.4,31.6,30,30.4,30.8,29.6,27.4,28.9,29.2,29.5,28.1,29,28.6,27.7,25.9,25.8,26.1,25.8,26.6,27.1,25.7,24.4,24.8
Ecuador,19.9,20.6,20.5,20.8,22,14.9,16,15.4,16.8,17.5,20.4,21.9,21.6,21.2,23.9,23.1,25.5,25.9,25.5,26.9,25.3,25.8,26.7,26.1,28,27.7,25.9,25.8,28.3,27.7,28.6,29,30.1,26.4,25.5,24.7,24.4,23.5,23.2,25.9,33.6,29,28.8,28,29.7,31.5,33.9,34.5,37.9,32.4,34.7,37.6,37.8,37.1,36.8,31.9,32.3,31.4
Egypt,,,,,,23.9,23.8,23.3,23.5,23.9,24.2,24.3,23.7,22.4,24.2,26.1,24,24.6,26.4,34.1,35.1,36.1,31.4,28.8,28.2,27.5,25.3,25.9,27.4,26.7,27.3,32.5,31.4,31.1,30.5,30.2,29.5,29,28.6,28.4,30.8,30.9,32.6,33.4,34.7,34.1,36.2,35.1,36.2,35.8,35.8,36,39.3,39.9,39.9,36.6,32.5,33.8
El Salvador,,,,,,23.1,24.8,24.7,24.6,25,24.3,24.8,25.6,24.3,25.1,26.5,24,22.9,25,23.7,21.9,22.5,22.2,22.3,22.6,23.4,22.7,25.6,25.4,26.5,23.3,23,24.9,26.3,26.2,25.5,25.4,25.2,26.2,26.9,26.9,27.1,27.3,27,25.6,24.5,24.5,24.5,25.9,25,25.3,26.2,26.6,26.1,25.8,24.4,24.1,24.8
Equatorial Guinea,,,,,,,,,,,,,,,,,,,,,,,,,,,,,,,,,,,,,,,,,,,,,,,82.9,81.3,84.3,75.3,74.7,78.1,77.3,72.4,70.2,59.1,52,55.9
Eritrea,,,,,,,,,,,,,,,,,,,,,,,,,,,,,,,,,10.8,13.6,12.8,15.1,18.9,21,19.3,20.9,19.2,18.5,19.2,19.7,19.6,20.5,18.2,19.2,25.9,21.8,,,,,,,,
Estonia,,,,,,,,,,,,,,,,,,,,,,,,,,,,,,,,,,,,28.1,26.7,26.5,25.4,23.9,24.8,25.4,25.6,26.1,25.5,26.4,26.9,27.1,26.3,23.4,24.5,25.6,25.1,25.2,24.9,24,23.1,23.5
Ethiopia,,,,,,,,,,,,,,,,,,,,,,8.74,8.83,8.48,10.1,9.17,9.7,11,10.3,10.3,9.3,7.28,6.09,7.45,8.18,9.29,9.78,12.2,11.6,12.2,11.4,11.9,12.7,12.9,12.7,11.8,11.6,11.6,10.2,9.68,9.44,9.66,9.48,10.9,13.5,16.3,22.1,22.9
Fiji,,,,22.9,23.7,22.7,22.5,23.1,22.7,21.2,20.8,18.8,20.1,19.7,20.2,20.4,20.5,19,18,19.7,20.2,19.2,19.5,17.8,17,17.4,18.2,19.3,19.6,21.4,21.1,21.5,22,22.3,22,20.8,20.8,21.3,20.9,19,19.5,20.5,19.8,18.5,19.6,16.3,16,15.4,16.1,16.7,17,17.4,16.7,16.3,15.1,14.9,14.3,
Finland,,,,,,,,,,,,,,,,35.5,34,33.5,33.6,34.3,34,33.6,32.7,32.6,32,30.9,30.1,30.5,30.1,30.4,29.2,26.5,26.2,26.9,28.2,29.5,28.8,29,30.6,30.4,31.6,31,30.1,29.6,29.4,29.3,30.3,30.7,29.6,25.8,26.2,25,23.3,23.3,23.1,23.3,23.4,24
France,29.8,30,29.5,29.2,29.7,29.9,29.7,29.4,29.1,28.8,29,29.5,28.9,29.2,28.8,28.6,28.2,28.1,28,27.6,27.8,27.1,26.4,26.2,25.8,25.6,25.5,25.1,25,24.4,24.5,24.3,24,23.1,22.2,22.3,21.7,21.5,21.4,21.2,21.3,20.9,20.6,20.2,20,19.6,19.3,19.1,18.8,18.3,17.8,18,17.9,18,17.7,17.7,17.6,17.4
Gabon,33.9,31.6,30.6,38.1,30.8,33.9,34.9,37.9,45.5,45.6,47.6,45.6,51.2,47.9,63.4,62.3,62.4,58.3,57.8,61.8,60.4,58.4,60.6,56.8,59.7,66.5,47.5,48.8,35.9,41.7,43,44.6,43.3,45.2,52.6,52.4,55.4,53.7,43.1,48.8,56.3,47.7,47.3,47,51.5,59.9,59.5,57.2,61.7,50.4,55.2,60.9,58.8,56.6,52.7,45.6,44.9,
Gambia,,,,,,,8.3,8.34,8.34,8.34,8.21,8.21,8.28,8.24,8.3,8.91,9.61,9.55,10.6,11.6,13,12.5,9.55,10.9,16.6,13.6,11.3,10.8,9.49,10.4,11,15.4,15.2,15.2,14.6,14.9,20.7,15.6,16.1,15.6,14.8,14.8,15.8,14.8,13.6,14.1,14.5,13.7,13.5,12.5,12.3,13.5,13,12.7,12.9,13.5,12.8,12.2
Georgia,,,,,,,,,,,,,,,,,,,,,32.7,33.3,35.4,34.1,33.3,36.9,34.3,35.2,34.7,36.1,31.3,34.4,23.7,21.8,10.1,15.6,23,22.2,21.8,21.2,21,20.5,22.7,24.1,24.2,23.8,21.7,20.9,18.9,18.9,19.3,20.5,21.1,20.9,20.6,21.3,21.5,22.1
Germany,,,,,,,,,,,,,,,,,,,,,,,,,,,,,,,,33.6,32.6,30.7,30.3,29.8,28.9,28.6,28.4,27.8,27.9,27.2,26.6,26.4,26.7,26.6,27.3,27.5,27,24.9,27.1,27.5,27.6,27.1,27.4,27.5,27.5,27.6
Ghana,,,,,,18.6,18.4,20.5,20.4,19.1,18.2,18.3,17.7,18.6,18.1,21,19.2,15.8,12,12.3,11.9,9.16,6.25,6.63,10.6,16.7,17.2,16.3,16.6,16.7,16.8,17,17.4,24.8,24.9,24.3,23.6,25.7,25.3,25.4,25.4,25.2,25.3,25.2,24.7,25.1,19.8,19.5,19.4,18.5,18,23.9,27.1,26.9,25.4,23.6,22.7,23.7
Greece,,,,,,,,,,,,,,,,,,,,,,,,,,,,,,,,,,,,19.6,18.9,17.9,18.2,19.1,18.7,19.3,19.4,20.5,20.3,17.8,20,18,15.7,15.3,13.8,13.7,14.3,14.7,14.1,13.8,14.2,14.8
Grenada,,,,,,,,,,,,,,,,,,10.8,10.5,11.2,10.2,11.7,13.7,13,12.5,12.8,13.4,14.2,14.4,13.4,13.3,15.3,15.3,14.9,15.5,15.9,15.6,16.2,16.6,17.4,17.9,16.5,16.6,17,16.7,22.9,19.4,18.8,17.6,14.7,14.7,13.3,12.3,13.4,12.8,12.3,12.2,13.2
Guatemala,,,,,,17,17.8,18.6,18.7,19.1,18.7,18.8,18.8,19.2,18.7,18.5,20.1,20.9,21.2,21.5,22,21.7,21.2,20.5,19.8,19.7,20.1,19.8,20.2,20.1,19.8,19.6,20,19.9,19.7,19.7,19.7,20,20,20.1,19.8,26.9,26.7,27,27.4,27.1,27.8,27.4,27.7,27.1,27.1,27.5,27.7,27.3,27.3,26.5,26,25.3
Guinea,,,,,,,,,,,,,,,,,,,,,,,,,,,34.4,34.4,33.4,33.2,34.6,30.6,26.9,28.4,25.1,28.1,29.7,28.8,30.9,28.9,31.4,31.8,31.3,31.7,30.5,32.1,34.3,30.8,32.9,32.3,32.3,32.6,31.6,29.6,29.7,26.3,31,32.8
Guinea-Bissau,,,,,,,,,,,21.2,22.1,22.5,24.4,25.5,25.4,15.5,22.6,20,19.9,18.7,15.9,14.4,11.5,14.4,15.6,19.8,12.3,13.5,16.4,17.4,9.25,10.4,9.67,10.9,11.5,10.9,15,12.5,12.1,14.1,14.2,16.2,17.5,15.6,14.4,14,13.2,13.9,13.4,13.1,12.4,13.5,14.4,14.4,12.3,12.6,12.6
Guyana,27.9,28.1,31.8,29.6,31.6,31.4,31.7,32.5,34.5,34.9,35.3,33.8,32.8,29.7,30.1,31.7,32.1,32.4,30.8,30.2,31.7,25.8,25,18.6,20.6,20.7,22.9,26,25.8,25.9,21.9,28.6,25.4,30.7,30.9,27.3,28.1,28.4,25.8,25.5,24.1,24.9,24.4,23.3,22.6,16.7,27,28.6,30.9,30.1,31.1,31.8,32.3,31.3,29.7,29.9,36.4,35.4
Haiti,,,,,,,,,,,,,,,,,,,,,,,,,,,,,,,,25.8,22.8,24,22.1,30.3,34.7,31.8,34.6,32.9,31.8,30.3,30.8,35.9,27.4,34.8,33.8,37,49.6,50.1,43.6,50.7,55.2,55.3,55.9,57,56.7,56.8
Honduras,17.1,16.7,17.8,18,17.8,17.4,17.1,18.9,19.6,20.1,20.1,20.5,20.5,21.8,22.9,22.5,20.8,20.3,21.6,21.7,21.8,20.5,22,22.8,23.1,21.2,21,20.4,21.4,22.1,23.5,23.4,25.4,25.9,24.7,26.7,26.5,25.9,26.2,27.6,29.4,27.7,27.3,27.4,26.5,26.2,26.8,26.2,25.9,26,25.6,25.8,26.1,25.4,24.5,25.6,25.7,26.2
Hungary,,,,,,,,,,,,,,,,,,,,,,,,,,,,,,,,,,,,25.8,25.5,27.9,28.2,27.7,27,27.1,26.7,26.1,26.5,26.9,27.1,26.6,25.7,25.1,25.3,25.4,25.3,25.2,25.8,26.6,25.8,26.4
Iceland,,,,,,,,,,,,,,,,,,,,,,,,,,,,,,,,,,,,,,24.9,24,22.4,22.5,24.2,22,21,21.3,20.7,22.2,20.2,23.1,19.8,21.9,22.1,20.9,20.8,19.9,19.5,19.7,
India,21.8,22.4,23.1,22.9,21.9,22.7,22.4,21,21.6,22.4,22.7,23.4,23.4,22.3,23.7,24.2,25.5,25.5,26.4,27.1,26.4,27.2,27.3,27.4,27.9,27.7,27.8,27.8,27.8,28.7,28.6,27.5,27.9,27.8,28.7,29.7,29,28.9,28.3,27.6,28.4,27.6,28.8,28.6,30.4,30.7,31.6,31.7,31.7,31.1,30.1,30.2,29.4,28.4,27.7,27.2,26.6,26.2
Indonesia,,,,,,,,,,,,,,,,,,,,,,,,41.9,40.4,36.7,33.8,36.3,36.2,37.1,39.4,41.2,40,39.7,40.6,41.8,43.5,44.3,45.2,43.4,42,47.9,47.7,43.7,44.6,46.5,46.9,46.8,48.1,47.7,42.8,43.9,43.6,42.6,41.9,40,39.3,39.4
Iran,25.7,27.8,29.5,30.9,31.4,32.8,33.6,35.2,36.3,38.5,40.6,43.1,43.4,53.6,62.3,56.7,57.2,53.3,45.7,45.8,35.2,34.7,40.5,38.1,34.4,30.6,24.9,25,24.8,26.1,32.8,33.4,33.5,42,43.4,39.4,42.1,38.7,32.5,37.5,40.3,39.9,45.5,45.1,47.5,49.6,48.3,48.2,47.7,43.1,44.2,47.9,43.3,42.9,39.6,33,33.9,21.2
Iraq,,,,,,,,,46.7,46.1,46.1,50.3,44.3,51.8,70.4,68.1,70.8,69.1,68.9,75.3,74,52.5,49.4,47.3,44.9,43.8,37.7,42,41.9,40.6,72.3,51,52.2,57.9,55.9,64.9,58.4,75,70.1,79.6,84.8,77.4,74.2,70.8,61.8,63.6,61.4,60.1,62.8,52,55.8,62.5,60.6,57.7,56.5,41.5,37.3,41.8
Ireland,,,,,,,,,,,,,,,,,,,,,,,,,,,,,,,,,,,,28.9,28.2,29.7,31.3,31.4,31.5,34.1,35.1,32.2,30.8,30.1,30,28.5,25.8,25.5,23.6,25.5,25.3,25.2,25.3,38.4,36.4,
Israel,,,,,,,,,,,,,,,,,,,,,,,,,,,,,,,,,,,,23,23.2,23.3,22.7,22.2,22.1,20.5,20.2,20.5,20.3,20.6,21.4,21.2,20.7,20.2,20.4,19.6,20,19.8,19.6,18.8,18.7,
Italy,,,,,,,,,,,,,,,,,,,,,,,,,,,,,,,28,27.1,26.6,26.3,26.3,26.3,25.9,25.5,25.3,24.7,24.3,24.2,24,23.5,23.5,23.3,23.4,23.8,23.6,21.9,21.9,21.7,21.4,21.3,21,21.2,21.4,21.4
Jamaica,,,,,,,,,,,,,,,,,,,,,,,,,,,,,,,,,,28.4,28.2,27.5,25.5,24.3,23,23,22.6,22.3,21.3,21.5,22.3,21.9,21.2,21.3,19.7,18.1,18,18.2,18,18,18.3,19.2,19,19.5
Japan,,,,,,,,,,,,,,,,,,,,,,,,,,,,,,,,,,,34.7,34.4,34.5,34.1,33.5,33,32.8,31.3,30.5,30.4,30.3,30.2,30,29.9,29,27.3,28.4,26.9,26.7,26.9,27.7,28.9,29.3,
Jordan,,,,,,17.7,18.4,15.2,21.6,18.8,17.6,16.4,18.5,22.3,16.3,20.8,19.4,19.8,20.2,21.6,22,24.7,25.5,24.1,25,22.1,23,22.9,21,22.9,23.4,21.7,23.8,23.6,24.7,24.7,22,22.4,22.3,21.8,21.9,22.1,23.3,23.6,25.4,24.9,25.4,28.2,30.3,28.5,26.9,27.3,26.4,26.1,26.2,26.1,25.5,25.4
Kazakhstan,,,,,,,,,,,,,,,,,,,,,,,,,,,,,,,,,39,37,38.7,30,25.6,25.6,29.3,33,37.8,36.1,35.8,35.1,35.4,37.6,39.4,37.7,40.3,38.4,40.6,37.3,36.3,33.7,33.2,30.9,32,32
Kenya,16.9,17.1,15.4,14,15.5,16.7,16.3,17.5,17.7,18,18,18.3,18.7,18.6,18.3,17.9,16.4,15.9,17.4,17.3,17.8,17.4,17.3,16.9,16.4,16.7,16.2,15.9,16.8,16.4,16.3,17,15.8,14.4,14.6,13.6,16.4,15.9,15.5,14.9,15,15.3,15.5,15.6,16.2,17,19.4,19.3,18.6,18.7,18.5,18.9,18.6,18,17.4,17.3,17.5,17.5
Kiribati,,,,,,,,,,,,,,,,,,,53.7,45.1,6.21,6.59,6.1,6.34,3.54,4.3,4.86,5.05,3.62,4.25,4.54,11.2,9.04,9.56,8.67,8.68,8.23,7.62,10.4,11.6,10.5,10.5,9.2,8.83,7.95,6.75,7.35,7.54,7.9,7.77,7.64,5.82,5.51,6.71,,,,
Kuwait,,,,,,,,,,,,,,,,,,,,,,,,,,,,,,,,,,,,,,,,,,,,,,,,,,,66.1,72.7,74.8,73.1,70.5,55.9,51.6,
Kyrgyz Republic,,,,,,,,,,,,,,,,,,,,,,,,,,,,,,,34.1,33.8,36.1,30.5,23.9,18.1,17,21.1,20.8,23.1,29.2,26.8,21.3,20.2,21.7,20,17.6,16.7,20.4,23.6,26.3,27.4,22.3,24.8,23.9,25.1,26.5,26.5
Lao,,,,,,,,,,,,,,,,,,,,,,,,,,,,,,13.4,14.4,16.6,17.5,17.4,17.8,18.8,20.6,20.6,22.3,22.5,16.5,17,18.4,20.1,19.4,23.2,26.2,25.4,26.9,25.2,30.5,30.8,32.4,30.4,28.8,27.7,28.8,30.9
Latvia,,,,,,,,,,,,,,,,,,,,,,,,,,,,,,,,,,,,26.9,26.7,28.1,25.8,24.8,23.7,22.9,22.7,21.4,21.6,20.3,20.9,21.7,21.8,21.1,20.8,21,21,20.4,19.7,19.6,18.6,19.5
Lebanon,,,,,,,,,,,,,,,,,,,,,,,,,,,,,,,,,,,22.6,22.2,22.3,22.3,23.7,21.2,20,20.4,19.1,18.3,14.2,14.4,14.6,15.1,16.5,15.7,14.1,14.8,15.3,17.8,17.6,15.4,15.4,12
Lesotho,,,,2.37,3.67,5.21,6.73,11.8,10.3,11.3,10.2,10.2,11,11.2,12.5,13.2,19.2,15.1,21.3,25.1,24.2,22.4,15.4,12.3,13.5,12.9,14,14.6,17.6,18.7,21.4,27.8,29.6,30.7,31.1,30.9,32.5,29.6,30.3,32.2,35.2,38,38.7,36.5,34.7,33.8,35.5,37,39.2,31.9,30.2,31.4,29.2,28,30.9,32.8,33,
Liberia,,,,,37.4,39.7,40,41.3,40.5,40.4,41.5,40.5,42.9,38.3,39,45.2,39.5,32.7,29.4,30,28.1,33,31.6,30.4,28.5,27.7,27.8,23.3,23.9,23.7,16.8,16.8,15.6,15.1,14.1,5.27,1.88,10.2,7.09,7.2,4.25,4.19,3.24,4.15,7.73,7.22,7.7,7.93,7.09,5.01,5,8.3,16.4,15.8,15.7,12.5,13,12.2
Libya,,,,,,,,,,,,,,,,,,,,,,,,,,,,,,,,,,,,,,,,,,,65.8,70.9,76.6,81,87.8,80,77.5,,,,,,,,,
Liechtenstein,,,,,,,,,,,,,,,,,,,,,,,,,,,,,,,,,,,,,,,43.6,40.3,42,41.4,40.8,41.9,40.7,39.9,41.2,40.8,38.3,38.3,39.8,37,38.7,39.3,39.6,37.2,,
Lithuania,,,,,,,,,,,,,,,,,,,,,,,,,,,,,,,,,,,,28.2,27.1,27,27.3,26.3,26.3,27,26.2,27.8,29.6,29.6,30,29.6,29.2,25.1,26.1,28,27.8,27.3,27.5,26.7,25.8,26.4
Luxembourg,,,,,,,,,,,,,,,,,,,,,,,,,,,,,,,,,,,,19.2,17.6,18.1,18.6,16.9,16.6,16.4,16,16.2,15.6,14.7,13.6,14.9,13.4,11.5,11.4,11.2,10.7,10.9,11.3,11.4,11.7,11.6
"Macedonia, FYR",,,,,,,,,,,,,,,,,,,,,,,,,,,,,,,39.3,29.8,34.9,31.3,25.5,25.3,25.1,29.7,29.2,28,21.4,20.6,19.4,22.5,21,20.4,21.7,20.6,19.5,19,21,21.6,21.1,22.1,22.8,24,24.7,23.1
Madagascar,,,,,,,12.8,13.1,13.3,13.6,14.6,14.6,15.1,16,14.2,14.1,14.3,15.2,15.2,15.2,14.3,12.6,11.9,12,11.5,11.9,11.6,12,11.7,13.5,11.7,12.3,11.5,11.1,9.12,8.57,10.6,12.4,12.5,12.5,12.9,13.5,13.6,14.1,14.5,14.3,14.8,14.8,14.6,14.7,14.6,14.6,14.7,14.7,14.7,14.4,16.7,
Malawi,9.97,10.1,9.71,8.88,12.4,12.8,14.1,14.7,15.7,15.7,16.3,14.7,16.3,15.7,16,19,17.5,17.5,17.9,23.3,20.2,19.6,19.1,19.4,18,19.5,19.3,21.9,20.8,23.7,24.7,24.4,28.4,22.1,19.3,17.4,17.5,16.8,16.5,16.6,16.2,15.2,16.8,18,15.6,14.9,16.3,18.1,16.1,15.3,15.2,15.4,15,14.8,14.6,14.8,14.6,14.4
Malaysia,24.7,27.1,30.8,27,29.4,29.6,29.6,29.3,27.9,29.2,30.3,30.5,31.7,31.3,35.9,36.1,37.3,38.4,38.5,39.8,41.8,41.1,38.6,39,39.2,39.2,39.2,38.5,38.4,39.8,42.2,42.1,41.1,40.1,40,41.4,43.5,44.6,43.9,46.5,48.3,46.2,45.1,46.6,48.5,45.9,46.1,42.2,42.9,38.5,40.5,39.8,40.1,39.9,39.9,39.1,38.3,38.8
Maldives,,,,,,,,,,,,,,,,,,,,,,,,,,,,,,,,,,,,13.5,12.8,14,14.9,15.6,15,12.3,12.6,12.4,11.1,11.7,9.52,8.75,11.4,9.62,9.43,10.1,9.79,8.06,8.41,9.07,9.69,
Mali,,,,,,,,8.82,10.3,10,10.2,10.9,11.3,11.7,12.4,10.1,9.83,9.86,9.81,8.83,14.6,14.4,14.2,16.2,18,15.5,15.1,16.5,15.1,16,16.3,16.7,16.2,15.6,16.7,17.4,17.1,18.8,19.4,18.2,21.5,22.7,22.6,22.8,22.6,22.6,25.8,23.8,21.8,24.4,22.7,20.6,19.9,18.6,18.9,17.5,16.5,16.6
Malta,,,,,,,,,,,45.9,42,47.3,49.1,55.1,61.1,63.7,63.2,63.3,63.6,61.2,58.6,58.8,57.3,57.7,56.9,55.9,53.7,52.3,52.3,50.8,49.9,46.7,45.5,46.9,26,25.7,25.3,25.7,24.5,26.6,23.6,24.3,24.5,21.8,20.4,19.5,18.5,19.4,17.7,17.6,16.9,15.2,14.9,13.8,13,12.5,
Marshall Islands,,,,,,,,,,,,,,,,,,,,,,,,,,,,,,,,,,,,,,,,,,,,,9.75,8.62,11.1,12.7,12.8,11.6,11.2,12.5,11.1,10.4,10.5,10.5,14.1,
Mauritania,18.7,26.8,22.7,19.2,27.1,33.4,36.1,34.9,36,36.4,36.2,37.1,33,27.3,29.2,30.7,30.3,27.1,24.2,26.8,24.4,24.1,21.2,18.9,22.8,29.2,27.9,24,24.4,26.8,25.8,22.3,21.6,22.5,22.7,23,23.1,24.1,30.1,28.1,26.2,26.6,24.5,22.5,25.1,30.6,43.4,36.6,36.7,33.1,39,45.3,40,41.3,33,25.3,26.3,28.7
Mauritius,,,,,,,,,,,,,,,,,22.6,22.7,23.3,22.6,22.4,21.7,21.5,20.8,22.8,25.1,27.1,28,28,28,27.8,28.2,28.6,28.4,28.1,28.4,28.3,27.2,27.1,27.1,27.1,27.7,26.9,26.5,25.3,24.1,22.3,22.5,23.3,23.3,22.5,21.6,20.9,20.6,19.8,19.2,18.6,18.2
Mexico,,,,,,25.6,26.2,27,27.4,27.9,30.6,29.6,29.8,29.7,30.8,30.5,30.4,31,30.8,31.2,31.1,30.7,30.5,32.6,32.1,32,32.1,34.3,29.5,26.9,26,25.6,25.7,32.5,32.1,32.7,33.9,34.2,33.9,34.1,34.2,33.2,32.7,31.2,32.9,32.8,34.2,33.8,34.8,31.9,32.4,33.6,33.8,31.9,31.5,30,29.3,29.9
"Micronesia, Fed. Sts.",,,,,,,,,,,,,,,,,,,,,,,,,,,,,,,,,,,,6.97,7.62,7.13,8.23,7.96,8.3,8.38,6.91,6.67,6.13,5.26,4.06,3.16,3.77,6.89,7.22,8.16,8.36,7.38,6.06,6.16,6.08,
Moldova,,,,,,,,,,,,,,,,,,,,,,,,,,,,,,,,,,,,28.4,27.3,25.4,21.1,20.5,19.1,22,20.4,20.7,20.7,19.2,18.8,19.4,19.1,17.2,17.1,17.6,17.8,18.1,18.7,18.8,18.5,17.9
Mongolia,,,,,,,,,,,,,,,,,,,,,,25,25.7,26.3,27,27.2,28.3,28.4,28.8,38.8,41.2,34.3,34.7,30,31.4,32.8,23.7,28.5,22.6,22.3,22.2,21.9,22.5,25.2,28.3,32.5,38.7,37.7,30.9,30.1,33.2,31.3,30.8,30.5,31.5,31,33.7,33
Montenegro,,,,,,,,,,,,,,,,,,,,,,,,,,,,,,,,,,,,,,,,,21.3,22.3,21.6,19.3,19,17.3,17.7,17,17.7,17.3,17.1,15.1,14.9,15.5,14.3,14.4,15.8,17.4
Morocco,,,,,,27.5,29.1,28.5,28.1,27.6,27,27.3,27.5,28,35,35.2,32,32.6,31.3,32.7,28.8,31.7,30.3,30.9,30.8,30.2,27.4,27.6,27.7,27.3,27.6,26,26.4,26.5,25.2,26.3,25.6,27.3,25.7,26.1,27,25.4,25.2,26,26.6,26.2,25.2,24.7,26.8,24.2,25.7,26.6,26.4,26.2,26.4,25.8,26.1,25.6
Mozambique,,,,,,,,,,,,,,,,,,,,,31.5,31.1,30.6,26,19.3,13.3,15.2,20.6,23.9,22.4,16.9,16.4,18,13.5,15.6,14.2,15.1,15.8,19.6,19.8,20.2,21.8,17.4,19.4,20.4,19.1,20.4,20.1,18,17.7,17.6,17.8,17.4,17,18.8,19.6,19.7,17.6
Myanmar,,,,,,,,,,,,,,,,,,,,,,,,,,,,,,,,,,,,,,,,,9.69,10.6,13,14.3,16.4,17.5,19.2,20.4,22.7,24.5,26.5,31.3,32.4,32.4,34.5,34.5,35,31.6
Namibia,,,,,,,,,,,,,,,,,,,,,48.3,40.1,36.7,34.7,32.6,37.2,35.6,30.4,33.2,33.7,29,26,25.3,22.9,24.4,22,21.4,22.1,23,21.6,25.5,28.5,29.5,26.4,27,26.7,32,32.2,34.6,29.1,27.9,27.8,30,30,29.2,28.5,29.3,28.4
Nauru,,,,,,,,,,,,,,,,,,,,,,,,,,,,,,,,,,,,,,,,,,,,,,,,,,,,,,36.7,21.9,5.5,,
Nepal,,,,,,10.9,9.03,9.82,10.1,10.4,11.5,9.14,9.09,9.59,8.71,7.86,8.45,10.5,11.1,11.2,11.2,11.5,12,12,11.8,14.3,15,15,15.2,15.7,15.3,16.4,19.4,19.5,20.4,21.3,21.5,21.4,21.1,20.4,20.7,16.7,16.9,17,16.7,16.5,16.1,15.9,16,15.1,14.2,14.1,14.1,14.2,13.8,13.7,13.1,13.5
Netherlands,,,,,,,,,,36.6,34.1,33.5,33.2,32.4,34.5,31.5,31.5,30.5,29.6,29.7,30.2,30.7,29.7,29.2,30.4,30.6,28.3,26.9,27,26.9,26.7,26.4,25.4,24.9,24.5,24.5,24.1,23.1,22.6,22,22.2,22.1,21.4,21,21,21.4,21.5,21.5,21.6,20.4,19.9,20.2,20,19.3,18.5,18.2,18,17.5
New Zealand,,,,,,,,,,,,34.1,32.8,32.7,35.1,33.2,34.1,34.1,33.9,34,33.7,35.3,35.4,34.6,34.1,31.7,30,27.4,26.3,26.4,24.9,24.5,24.4,24.6,25.4,24.6,23.8,23.6,22.7,23,22.4,22,22.8,22.3,22.6,22.8,21.8,20.9,21,19.3,19.1,19.1,19.3,18.8,20,20.4,,
Nicaragua,,,,,,,,,,,,,,,,,,,,,,,,,,,,,,,,,,,19.8,20.1,20,19.4,19.2,20.3,20.2,21.5,21.5,20.6,21.4,21,20.9,20.7,22,21.1,22,23.2,24.5,25.4,25.1,24.5,24.3,23.6
Niger,3.89,3.45,3.52,3.61,3.6,3.47,3.72,4.43,4.85,5.24,6.94,7.4,8.1,9.38,7.73,11,12.9,14,15,18.7,22.9,19.2,17.3,20.2,21.6,20.9,21.8,18.7,17.4,17.5,16.2,17.6,17.9,17.9,17.3,17.3,17.8,17.9,16.7,17.2,17.8,17,17,17.1,17.8,15.4,11.3,13.2,14.2,15.1,15.6,16.1,21.1,21.6,19.4,18,16.7,15.9
Nigeria,,,,,,,,,,,,,,,,,,,,,,105,95.8,90.5,75.5,82.8,83.6,70,68.2,63.3,61.3,65.4,60.7,57.3,57.3,46.4,44,43.4,41.5,43.5,47.5,44.5,34.1,36.7,37.6,37.9,36.6,36.7,37.4,35.7,24.9,28,27,25.7,24.6,20.2,18.2,22.3
Norway,,,,,,,,,,,26.9,26.1,26.2,26.3,27.4,28.8,28.5,28.3,29.6,32.1,34.2,34.1,34.2,35,36.6,35.7,29.1,28.6,27.5,29.2,29.5,28.4,28,27.6,27.9,28.8,31,31.5,27.6,29.6,36.5,35.2,33.3,33.4,35,38,39.7,37.2,40.3,34.3,34.7,37,36.8,35.6,34,30.9,28.3,29.9
Oman,,7.98,23.4,24.3,24,23.5,25.6,52.6,73.8,77.2,77.2,75.8,71,70.8,82.5,77.5,69.7,66.2,61.8,64.2,69.4,67.1,63.3,60.7,59.1,59.3,51.3,56.8,46.4,49.1,54.1,49.4,48.8,45.7,45.1,46.5,49.4,48.6,40.8,47.3,59.2,56.4,55.5,55.6,56.3,63.5,63.7,61.1,66.9,59.6,64.1,71.6,70.5,67.5,64,54.7,47.2,
Pakistan,14.7,15.8,16.9,18.5,19,18.6,19.1,18,18,20,20.3,20.9,19.7,19.9,20.3,21.9,22.3,20.8,20.7,21.5,22.4,20.1,20.1,19.9,20.2,20.2,21.2,21.6,21.7,21.2,22.4,22.6,22.2,22.1,21.8,21.3,22,21.6,22.1,22.1,21.7,22.4,22.2,22.2,25.1,25.5,19.7,20,21.7,19.2,19.7,20.5,21.3,20.2,20,19.1,18.3,17.9
Palau,,,,,,,,,,,,,,,,,,,,,,,,,,,,,,,,,,,,,,,,,14,17.6,20.8,17.3,14.9,13.2,11.3,10.8,8.7,8.71,9.73,8.56,7.95,7.57,7.18,6.69,8.91,8.67
Palestine,,,,,,,,,,,,,,,,,,,,,,,,,,,,,,,,,,,33.1,29.5,26.6,23.2,23,24.7,21.5,24,20.1,23.2,22,23.2,21.1,20,19,19.5,20.2,20.2,21.9,20.2,20,18.9,19.6,
Panama,,,,,,,,,,,25.3,25.3,24.2,25.9,25.9,27.6,25.9,24.1,24.6,24.7,25.2,24.6,24.6,23,23.4,25.8,24.9,24.3,21.7,20.8,19.4,21.6,21.5,22.7,22.1,22.6,22.6,21.3,21,22.5,21.5,19.2,17.9,19,19.1,18.7,18.8,17.7,19.8,19.2,19.2,19.8,21.5,25.1,26.6,27.8,28.2,28.7
Papua New Guinea,,13.4,14.2,15.4,15.7,17.9,20.3,19.9,18.5,18.5,22.1,24.5,28.3,36.1,34.9,28.5,25.1,26.1,25.4,29.1,26.8,23.2,23.2,27.9,23.6,26.2,28.4,31.7,34.2,29.5,30.4,34.4,39.7,38.9,32.3,32.1,34.8,29.8,31.4,35.1,39.3,38.5,34.9,35.3,37,,35.1,34.5,34.4,29.8,33.2,31.3,27.6,26.5,31.9,,,
Paraguay,,,,,,,,,,,,,,,,,,,,,,,,,,,,,,,,36.7,35.5,33.2,32.2,31.7,31.4,31.2,32.2,33.5,33.1,35.3,38,34.7,31.8,32.1,30.7,29.1,27.2,29.2,27.2,26.5,27.4,25.7,26,26.7,27.5,27
Peru,28.2,27.7,27.7,26,26.8,26.4,26.4,27.7,27.7,28.3,28.3,28.5,28.7,30.2,31.8,28.8,31.2,61.8,34,35.8,,,,,,,,,,,,25.6,26.2,27.5,29.2,29.1,28.9,29.4,28.5,28.6,29,29,29.4,29.9,32.7,34.4,37.5,37.7,36.3,33.6,35.8,37.2,35.5,33.9,31.6,29.8,30,
Philippines,31.3,31.6,31.1,31.6,31.3,31.1,30.9,31.5,30.6,30.2,31.9,32.4,33.5,34.1,34.5,35,36.2,36.8,36.9,37.5,38.8,39.2,38.8,39.2,37.9,35.1,34.6,34.4,35.2,34.9,34.5,34,32.8,32.7,32.5,32.1,32.1,32.1,34.4,33.1,34.5,34.5,34.6,34.6,33.8,33.8,33.5,33.1,32.9,31.7,32.6,31.3,31.2,31.1,31.3,30.9,30.7,30.5
Poland,,,,,,,,,,,,,,,,,,,,,,,,,,,,,,,,,,,,33.6,32.2,31.5,31.3,30.3,28.9,27.5,26.7,27.5,29,28.8,29,29,29.1,29.8,29.2,29.8,29.7,28.6,29.4,30.3,29.8,27.9
Portugal,,,,,,,,,,,,,,,,,,,,,,,,,,,,,,,,,,,,24.8,25.4,25.7,25.3,24.9,24.4,24.1,23.5,22.6,22.2,21.4,21.1,21.2,20.4,19.9,19.9,19.3,19.1,18.9,18.9,19.5,19.4,19.4
Qatar,,,,,,,,,,,,,,,,,,,,,,,,,,,,,,,,,,,,,,,,,204,214,211,182,157,119,102,90.6,76.1,96.6,94.8,73.2,73.5,71.8,69.8,58.5,51.9,
Romania,,,,,,,,,,,,,,,,,,,,,,,,,,,,,,,45.9,42.2,43.1,39,42.7,36.2,37.5,35.7,32,30.2,30.1,32.1,33.2,30.9,31.3,31.9,32.6,34.1,36.8,36.4,37.5,38.3,32.5,32.2,31.5,29.9,30.2,30.1
Russia,,,,,,,,,,,,,,,,,,,,,,,,,,,,,,46.6,45,45.9,42.3,40.5,41.2,34.5,35.3,34.7,33.9,33.5,33.9,31.8,29,28.7,31.7,32.6,31.8,31.2,30.8,29.3,30,29.3,29.3,28.2,27.9,29.8,29.3,30
Rwanda,,,,,,6.85,6.77,9.75,9.49,9.39,8.59,8.68,9.43,8.73,9.21,19,18.9,21.2,22.1,18.7,21.5,20.8,21.7,24.1,23.2,22.7,23.1,17.8,17.1,17.4,24.6,20.9,18.7,18.3,21.2,16,18.1,18.6,18.7,17.6,15.8,15.5,15.1,12.8,12.9,13.5,13.3,15,14.6,14.2,14.8,16.5,16.5,17.2,17.2,17,16.4,15.8
Samoa,,,,,,,,,,,,,,,,,,,,,,,,,,,,,,,,,,,27.5,28.1,26.9,24.9,23.2,23.2,24.7,25.8,27.1,29.1,29.2,29.1,28.6,32,29.4,24.8,25.8,26.5,26.3,25.6,26.6,24.3,23.9,22.5
Sao Tome and Principe,,,,,,,,,,,,,,,,,,,,,,,,,,,,,,,,,,,,,,,,,,17.8,16,15.2,14.7,14,13.8,13.5,15.6,18.7,17.4,16.7,15.9,15.7,16.9,14.6,15.5,15.1
Saudi Arabia,,,,,,,,,62,61.1,58.4,65.4,67.3,69.7,83.1,71.8,70.6,67,60.2,64.9,71.5,70.8,59.8,49.4,46.1,41.4,37.8,40.1,38.6,42.4,49.2,48.8,51.6,47.9,47.8,49.2,52.2,50.8,43.9,47.6,54.2,51.5,51.7,54.6,57.2,62.1,62.9,63,66.8,55,58.4,63.7,62.7,59.9,57.2,45.3,43.2,45
Senegal,12,12.8,13.2,12.9,13.4,13.9,14,14.9,14.2,15.7,15.5,15.8,15.2,15,17.9,17.2,15.9,16.8,17.4,17.4,17.9,17.3,18.4,18.9,19,18.2,17.8,17.9,19.1,19,19.9,19.8,21.7,21.3,21.8,21.4,21.8,21,21.2,20.7,20.5,21.7,22.3,21.4,21.7,20.5,20.7,20.8,20.1,20.5,20.5,21.5,21.4,20.8,20.9,20.8,20.3,20.5
Serbia,,,,,,,,,,,,,,,,,,,,,,,,,,,,,,,,,,,,33.4,30.8,28.6,29.3,27.8,30.8,29.4,27.7,27,25.4,24.5,24.4,23.5,24.1,24,23.7,24.8,25.4,26.7,25.2,26,25.8,26.4
Seychelles,,,,,,,,,,,,,,,,,16.2,13.8,13.8,15.1,15.6,17.7,15.6,15.8,16.5,18.4,17.9,15.7,16.5,15.8,16.3,18.1,18.2,18.8,19.5,22.7,23.8,24.3,25.8,27.1,29,28.1,30.3,27.4,14.8,16.4,16.2,16.1,15.6,14,14,13.7,14.2,12.6,12.2,11.8,11.4,
Sierra Leone,,,,,26.5,26.8,24.9,26.1,27.8,26.2,25.4,26.2,26.9,24.4,21.5,19.5,19.4,19.4,19.4,19.2,20.2,17.9,16,14.2,13.1,13,14.7,17.9,11.3,10.2,18,33.8,38.8,31.1,38.4,36.1,36.3,27.1,23.8,24.3,26.8,7.91,8.81,10.3,11.8,11.3,10.4,9.67,7.83,6.55,7.78,7.87,14.5,21.2,15.6,4.56,5.61,5.14
Singapore,16.3,16.8,17.6,18.7,21.2,22.1,22.2,22.9,23.8,24.6,26.9,28.4,30.9,30.5,31.2,31.2,32,31.8,31.4,33.1,34.9,34.4,33.3,34.4,35.2,32.2,33.1,32.6,33.6,32.1,30.8,32.6,32.3,32.1,31.3,31.5,31.5,31,32,30.8,32.5,30.4,30.6,30,31.6,30.9,30.4,27.7,25.9,26.5,26.1,24.7,24.6,23.2,24,24.2,23.7,23.2
Slovak Republic,,,,,,,,,,,,,,,,,,,,,,,,,,,,,,,,,,,,33.1,34,31.3,31.2,30.8,32.2,31.5,30.9,31.6,32.4,32.1,34.8,34.1,34.4,30.8,32,32.2,32.3,30.1,31.3,31.1,31.4,31
Slovenia,,,,,,,,,,,,,,,,,,,,,,,,,,,,,,,,,,,,29.8,30.2,30.9,31.3,31.1,30.6,30.6,30.1,30.4,30.4,29.9,30.3,30.8,29.9,27.5,26.7,26.9,27.5,27.6,28.4,28.2,28,28.8
Somalia,6.97,6.56,6.18,5.82,5.82,5.16,7.31,7.97,11.9,13.2,14.1,15,13,11.6,17.1,11.3,12.6,11,6.92,8.82,7.51,7.05,7.53,6.81,6.98,7.32,9.51,,,,,,,,,,,,,,,,,,,,,,,,,,,,,,,
South Africa,35.9,36.2,36.2,36.3,37.2,38.1,37.6,35.9,36,36.2,36.1,34.6,35.8,37.8,38.6,39.2,39.5,38.3,39.7,42.5,45.3,42.7,40.8,41.4,39.8,40,40.2,38.2,37.7,36.8,36.4,35.1,33.7,32.7,32,31.9,30.8,30.1,29.5,28.5,29.1,29.6,29.7,28,27.3,27.1,26.2,26.5,28.3,27.6,27.4,26.9,26.7,26.7,26.5,26,26,25.9
South Korea,17.1,17.6,17.6,17.9,19.2,23,22.8,23.1,23.8,24.3,24.5,23,24.6,27.3,26.3,26.4,27.3,28.1,29.8,31.1,31.5,30.7,31,32.4,33.9,33.4,34.3,35.4,36,35.6,35.8,36.5,35.2,35.5,35.6,35.8,34.8,34.7,34.7,34.1,34.2,32.9,32.4,32.7,34.2,33.8,33.2,33.4,32.7,33.3,34.6,34.8,34.6,35,34.7,34.9,35.1,35.9
Spain,,,,,,,,,,,,,,,,,,,,,,,,,,,,,,,,,,,,28.4,28.1,28,27.8,27.9,27.9,27.9,27.8,27.5,27.1,27.3,27.1,26.5,26.6,25.4,23.8,22.9,22,21.2,21.1,21.4,21.3,21.6
Sri Lanka,20.7,20.6,21.1,20.7,20.4,21.6,20.3,20,21.5,23.3,24.2,25.1,24.6,25.7,25.3,26.7,27.4,28.9,27.5,28.5,29.9,28.3,26.5,26.5,26.5,26.5,27,27.8,27,27.1,26.3,25.9,25.9,25.8,26.4,26.7,26.6,27,27.6,27.4,27.3,26.8,28,28.4,28.6,30.2,30.6,29.9,29.4,29.7,26.6,28,30.1,29.2,28.3,27.2,27.3,27.2
St. Kitts and Nevis,,,,,,,,,,,,,,,,,,20.4,17.7,17.6,19.1,17.7,19.1,19.5,17.9,17.4,18.9,19.7,23.8,23.3,25,23.7,23.3,22.4,20.7,21.8,21.2,20.4,21.7,23.4,26.9,30.4,28.5,24.6,22.9,22.4,23.4,23.8,23.1,24.9,24.9,23.3,21,21.9,23.3,24.2,24.3,25.5
St. Lucia,,,,,,,,,,,,,,,,,,14.9,16.3,17.6,19.1,18.7,16.8,14.5,14.4,14.5,13.6,13.5,14.4,15.9,13.4,13.9,14.7,15,14.6,14.7,13.9,13.9,14.1,15.1,15.1,14.3,13.8,13.7,15,16,17.1,13.4,14,14.1,12.3,12.1,12,12.2,11.1,11.2,11.4,11.5
St. Vincent and the Grenadines,,,,,,,,,,,,,,,,,,14.2,15.2,16.8,16.9,16.7,16.5,16.5,15.9,15.9,16.8,17.2,17.3,17.8,16.4,17.1,17.9,18.4,18.9,18,17.6,19,19.2,17.8,17.1,16.8,15.6,16.2,16.8,16.4,16.5,18.7,16,16.2,16.5,15.7,15.2,15.3,14.8,15.3,14.8,15
Sudan,12.6,11.8,11.7,12.9,13,12,15.4,14.7,14.4,13.6,12.6,11.9,11.8,12.1,12.3,12.3,11.9,11,11.1,,,,13.5,14.2,14.9,15.5,15.5,15.7,13,13.8,14.7,12.1,11.7,12.2,10,10.2,14.6,14,14.6,15.5,20.1,18,19.7,21.4,24,26.9,26.2,28.9,31.7,23.1,26.9,26.2,3.33,2.69,2.53,2.07,2.32,2.31
Suriname,44.3,41.9,40.4,40,40.1,41.2,48.6,50.3,50.5,50.5,46.3,48.2,46.1,49.1,53.2,32.2,34.2,36.5,33.3,33.8,32.8,32.3,29.4,27.4,28,27,26,23.3,25.9,25.2,22.5,18.1,16.8,16.1,27.3,29.5,26.2,27,25,21.8,22.9,19.6,28.6,27.9,32.5,33.8,37.1,37.2,40.2,34.5,35.3,35.3,35.4,32.4,30.2,25.4,29.9,31.7
Swaziland,,,,,,31.5,30.1,33.9,32.6,27.5,26,22.3,24.2,29,28.5,24.9,27,28.7,32.1,31.1,25.9,25.6,23.9,22.6,22.5,21.3,25.2,31.9,35.3,37.4,36.8,36.2,36.1,36.8,36,37.7,36.4,37.6,37.7,36.7,39.4,39.5,39.3,38.3,39.8,39.8,39.8,40.4,39.6,39.9,37.7,36.8,37.2,35.9,35.8,35.7,35.5,
Sweden,,,,,,,,,,,,,,,,,,,,,30.3,29,28.7,29,30.1,30.1,29.7,29.4,29.2,29,27.7,25.9,24.9,24.5,25.5,27.4,26.6,26.8,26.9,26.4,26.8,26.4,26,25.8,26.2,26.1,26.6,26.7,25.9,23.6,25.4,24.9,23.7,23.1,22.8,21.7,21.7,22.1
Switzerland,,,,,,,,,,,,,,,,,,,,,,,,,,,,,,,31.1,30.5,29.7,29.1,30.1,29.2,28.2,27.4,26.6,26.3,25.4,26.3,26.5,26.1,25.9,26,26.2,26.2,26.5,25.5,25.6,26,25.7,25.5,25.2,25.1,25,25.2
Syria,,,,,,,,,,,,,,,,,,,,,,,,,,22.1,22.5,19.6,20.3,23.9,24.2,21.8,17.4,18.1,17.9,18.1,25.5,28.6,26.5,32.2,38.6,31.8,30.8,28.2,36,38.5,38.5,35.9,,,,,,,,,,
Tajikistan,,,,,,,,,,,,,,,,,,,,,,,,,,42.2,40.1,42.7,39.2,36.2,37.6,36.4,49.6,41.9,32.6,37.6,29.2,25.9,25,27.5,35.3,36.2,35.1,33.1,30.9,27.4,27.4,26.4,24.6,24.5,25,22.5,22,23,22.3,24.4,27.2,
Tanzania,,,,,,,,,,,,,,,,,,,,,,,,,,,,,,,16.1,15.4,15.1,14.5,14,13.4,13,13,18.7,18.3,17.9,18,19.6,21,20.8,19.7,20.7,20.2,20.4,18.6,20.3,22.8,21.8,22.7,23.2,24.3,24.9,26.4
Thailand,18.5,19.2,20.9,21,21.7,22.9,22.5,25,24.9,24.9,25.3,27.1,27.3,26.8,26.6,25.8,27.6,29.3,29.6,30.3,28.7,30.1,29.5,30.6,32,31.8,33.1,33.3,34.6,36.3,37.2,38.7,38.1,37.1,37.2,37.5,37.3,36.8,36.3,36.5,36.8,36.5,37,38.1,38,38.6,39.3,39.5,39.6,38.7,40,38.1,37.4,37,36.8,36.2,35.8,35
Timor-Leste,,,,,,,,,,,,,,,,,,,,,,,,,,,,,,,,,,,,,,,,,31.1,20.7,19.1,18.9,60.1,75.3,83.6,81.8,85.7,78.9,78.8,83.5,84.2,79.8,69.8,56.9,44.8,
Togo,15.5,15.5,14.2,18.2,19.2,20.9,22,23.3,21.9,21.3,21.1,22.6,20.3,20.2,33.1,26.5,20.5,19.5,22.8,25.3,24.8,22.5,23.4,21.4,20.2,21.7,19.9,20,21.5,24.3,22.5,25.2,23.8,20.7,21.2,22.2,21.1,20.1,16.9,16.2,18.3,17.2,18.4,18.4,17.1,17.2,18.4,18.7,18.2,16,16.2,17.6,18.4,18.7,17.3,17.7,17,16.8
Tonga,,,,,,,,,,,,,,,,8.77,9.23,9.86,11.9,13.1,12.5,11.2,10.7,13.4,14,12.6,12.3,10.8,10.8,12.7,11.7,9.99,10.9,10.1,18.1,19.5,19.3,17.1,16.9,17.6,18.6,18.7,18,17.3,16.9,16.9,15.4,15.8,15.4,16.6,17.9,19.1,18.9,16.4,16.1,16.9,17.3,
Trinidad and Tobago,,,,,,,33.4,35.3,37.5,34.6,32.7,31,31.4,37.2,51,49.7,49.1,48.3,42,45.1,48.1,40.8,31.3,31.7,34.6,34,31,33.5,32.9,36.8,38.2,35.3,32.8,31.9,37.7,35.7,36.1,33.3,27.6,30.5,38.3,35.7,34.2,42.9,46.1,51.4,52.6,50.3,54.8,40.4,45.9,50.4,50.1,48,47.5,37,35.4,38.2
Tunisia,,,,,,19.2,19.3,20.2,20.3,21.5,20.6,20.5,20.1,21.3,27.1,25.9,25.2,25.7,26.4,28.9,31.1,32,31.1,32.5,33.5,32.7,30.5,29.5,30.6,31.1,29.8,29,28.5,28.1,29.2,29.4,28.5,26.5,25.8,26,26.7,26.5,26.6,25.3,25.5,26.6,26.7,28.7,31.5,27.8,29,29.8,29.6,28.8,26.9,25.2,24.4,
Turkey,17.3,17.2,17.1,17,17.9,19.3,19.6,20.4,21.5,22.1,21.9,22.7,23.7,23.7,22.5,22.6,23.9,23.4,22.9,25.6,23.5,26.7,27.8,26.6,25.6,26.4,31,31.4,32.8,33,31.1,31.5,31.2,29.8,32.1,32,30.6,30.8,31.1,28.4,26.9,25.6,24.6,24.8,25.1,25.3,26.1,26.5,26.2,24.1,24.6,26.9,26.8,27.7,28.2,27.9,28.2,29.2
Turkmenistan,,,,,,,,,,,,,,,,,,,,,,,,,,,,40,37,35.7,30,30.5,12.2,59.8,44.8,59.1,65.2,45,40.6,43.6,41.1,42,40.3,38.9,37.9,37.1,35.8,37.7,60.5,60.9,59.1,65.9,66.6,63.4,60.7,57,,
Tuvalu,,,,,,,,,,,,,,,,,,,,,,,,,,,,,,,14.5,14.7,20.5,15.8,14.3,14,11.2,13.3,13.7,14.3,6.85,7.85,8.01,10.2,9.52,7.78,5.68,7.83,12.9,11.4,5.57,9,7.97,7.71,7.68,7.28,,
Uganda,12.8,12.8,12.1,13.4,12.1,12.7,11.7,11.5,12.4,12.8,13,11.9,10.7,9.29,10.7,7.98,7.4,6.98,5.11,4.14,4.47,6.73,10.7,8.7,9.86,9.06,9.6,9.72,9.75,10.2,10.4,11.6,12.5,12.3,12.8,13.1,14.7,15.9,16.4,17.8,21.4,21.2,22.9,22.7,20.9,23.5,22.8,25.1,25.8,20.2,18.1,20.2,21.3,20.6,20.4,20,20.7,20
Ukraine,,,,,,,,,,,,,,,,,,,,,,,,,,,,45.1,45.6,47,42.6,54.5,52.2,37.5,42.6,38.2,33.8,30.5,30.6,32,30.8,30.7,30.8,31.1,32.5,28.5,31.5,32.4,29.2,25.8,25.9,25.1,24.5,22.6,22.8,21.8,23,24
United Arab Emirates,,,,,,,,,,,,,,,,74,71.8,68,68.1,71.4,72.7,68.4,63.2,61.4,62.8,61.3,52.2,54.7,53,55.1,58.9,46.8,55.3,51.5,46.3,45.5,46.4,45.4,40,42,48.5,49.7,47.5,49.1,51.7,55.6,57.9,54.8,58,52,52.5,58.1,57.5,55,52.8,43.9,41.4,43.6
United Kingdom,,,,,,,,,,,,,,,,,,,,,,,,,,,,,,,27.9,27.2,26.7,26.2,26.7,24.9,25,24.1,23.2,22.1,22.5,21.4,21.1,20.3,19.5,19.7,19.7,19.3,19,18,18,18.1,17.9,18.2,17.8,17.8,18,18.6
United States,,,,,,,,,,,,,,,,,,,,,,,,,,,,,,,,,,,,,,23.1,22.6,22.5,22.4,21.5,20.6,20.7,21,21.2,21.6,21.5,21,19.6,19.8,20,19.9,20.1,20.2,19.4,18.9,
Uruguay,,,,,,,,,,,,,,,,,,,,,,,,33.1,34.4,35.9,36.2,35.8,34.2,33.7,34.6,35.5,32.8,29.7,28,28.9,28.5,23.3,23.2,23.1,21.8,21.7,21.7,22.9,22.2,23.8,22.9,23.6,22.8,24.1,24.5,22.7,22.9,23.7,24.7,25.4,25.5,24.3
Uzbekistan,,,,,,,,,,,,,,,,,,,,,,,,,,,,35.3,34.3,32.6,33.3,36.7,36.1,31.2,24.3,24.1,26.1,22.9,22.4,21,20.2,20,19.4,20.3,22.3,20.7,26.8,26.9,29.1,30.4,30.3,30,30.3,30.5,30.6,31.5,30.1,30.1
Vanuatu,,,,,,,,,,,,,,,,,,,,6.05,6.59,6.47,6.72,8.85,7.89,9.45,10.2,13.3,13.2,12.9,14.1,12.7,10.9,10,12.7,12.2,10.6,9.07,8.17,8.32,11.2,9.05,8.95,8.19,7.6,7.85,8.09,7.8,8.85,10.9,12.3,9.72,7.53,7.87,8.13,11.4,,
Venezuela,,,,,,,,,39.5,36.6,37.5,38.3,37.9,41.7,52.5,44.9,44.5,43.4,42,45,45.1,43.3,40.4,36.4,50,48.3,48.7,47.9,50.2,55.2,59.7,55.3,53.2,50.3,42.2,38.9,46.3,46.4,40.6,41.9,46.4,42.9,46.7,48.8,51.1,53.1,51.9,49.3,50.6,40.8,48.4,48.6,45.2,44.7,37.2,,,
Vietnam,,,,,,,,,,,,,,,,,,,,,,,,,,27.4,28.9,28.4,24,22.9,22.7,23.8,27.3,28.9,28.9,28.8,29.7,32.1,32.5,34.5,36.7,38.1,38.5,39.5,40.2,38.1,38.6,38.5,37.1,37.4,32.1,32.2,33.6,33.2,33.2,33.3,32.7,33.3
Yemen,,,,,,,,,,,,,,,,,,,,,,,,,,,,,,,31,26.7,23.2,21.3,20.6,25.9,35,35.7,24.9,34.3,46.4,42.4,42.1,43,45.2,49,49.2,49.5,44.9,52.8,43.8,46.5,46.5,43.9,44,58.8,91.2,
Zambia,62.2,59.4,58,57.7,58.1,53.8,58.8,52.1,54.6,62.4,54.7,46.2,47.6,53.6,54.8,41.7,40.6,37.7,39.4,42,39.1,36.9,35.3,40.1,39.2,42,44.4,41.1,44,47.3,45.3,46.3,43.7,37.4,37.3,34.3,33.2,32.4,27.3,22.8,23.2,23.4,23.9,24.1,25.7,26.8,30.4,31.9,31,30.2,32.2,34.4,32,32.6,32.9,33.7,34.9,35.7
Zimbabwe,,,,,,27.8,27,28,28.2,28.4,30,29.4,30.1,32.3,32.3,31.9,31.6,30,29.9,31.7,27.9,25.2,22.7,25.6,29.5,25.6,28.5,29.6,30.1,31.5,29.8,33.2,37.2,30.5,29.2,25.7,23,22.5,20.8,19.1,,,,,24.4,26.5,30.7,32.5,30.5,23.7,24.2,25,23.2,22.9,22.5,21.2,20.2,21.5
